Fecha y Hora,Nombre Barra,CMg (USD / MWh)
2024-10-01 01:00:00.000000,Cardones220,"67,35"
2024-10-01 01:00:00.000000,PAzucar220,"64,84"
2024-10-01 01:00:00.000000,AJahuel220,"62,43"
2024-10-01 01:00:00.000000,Quillota220,"62,40"
2024-10-01 01:00:00.000000,Charrua220,"57,72"
2024-10-01 01:00:00.000000,PMontt220,"57,23"
2024-10-01 02:00:00.000000,Cardones220,"67,66"
2024-10-01 02:00:00.000000,PAzucar220,"64,99"
2024-10-01 02:00:00.000000,Quillota220,"61,99"
2024-10-01 02:00:00.000000,AJahuel220,"60,17"
2024-10-01 02:00:00.000000,Charrua220,"55,32"
2024-10-01 02:00:00.000000,PMontt220,"53,96"
2024-10-01 03:00:00.000000,Cardones220,"67,31"
2024-10-01 03:00:00.000000,PAzucar220,"64,80"
2024-10-01 03:00:00.000000,Quillota220,"62,00"
2024-10-01 03:00:00.000000,AJahuel220,"60,22"
2024-10-01 03:00:00.000000,Charrua220,"55,17"
2024-10-01 03:00:00.000000,PMontt220,"52,84"
2024-10-01 04:00:00.000000,Cardones220,"65,17"
2024-10-01 04:00:00.000000,PAzucar220,"62,53"
2024-10-01 04:00:00.000000,Quillota220,"59,89"
2024-10-01 04:00:00.000000,AJahuel220,"59,75"
2024-10-01 04:00:00.000000,Charrua220,"55,34"
2024-10-01 04:00:00.000000,PMontt220,"51,23"
2024-10-01 05:00:00.000000,Cardones220,"64,96"
2024-10-01 05:00:00.000000,PAzucar220,"62,19"
2024-10-01 05:00:00.000000,Quillota220,"59,69"
2024-10-01 05:00:00.000000,AJahuel220,"59,60"
2024-10-01 05:00:00.000000,Charrua220,"55,26"
2024-10-01 05:00:00.000000,PMontt220,"50,53"
2024-10-01 06:00:00.000000,Cardones220,"65,03"
2024-10-01 06:00:00.000000,PAzucar220,"62,24"
2024-10-01 06:00:00.000000,AJahuel220,"59,70"
2024-10-01 06:00:00.000000,Quillota220,"59,68"
2024-10-01 06:00:00.000000,Charrua220,"55,24"
2024-10-01 06:00:00.000000,PMontt220,"51,05"
2024-10-01 07:00:00.000000,Cardones220,"66,72"
2024-10-01 07:00:00.000000,PAzucar220,"64,17"
2024-10-01 07:00:00.000000,Quillota220,"62,40"
2024-10-01 07:00:00.000000,AJahuel220,"62,28"
2024-10-01 07:00:00.000000,Charrua220,"57,31"
2024-10-01 07:00:00.000000,PMontt220,"54,55"
2024-10-01 08:00:00.000000,Cardones220,"64,44"
2024-10-01 08:00:00.000000,PAzucar220,"62,82"
2024-10-01 08:00:00.000000,AJahuel220,"62,50"
2024-10-01 08:00:00.000000,Quillota220,"62,40"
2024-10-01 08:00:00.000000,PMontt220,"58,75"
2024-10-01 08:00:00.000000,Charrua220,"57,82"
2024-10-01 09:00:00.000000,PMontt220,"56,34"
2024-10-01 09:00:00.000000,Quillota220,"54,75"
2024-10-01 09:00:00.000000,AJahuel220,"54,44"
2024-10-01 09:00:00.000000,PAzucar220,"51,86"
2024-10-01 09:00:00.000000,Charrua220,"51,32"
2024-10-01 09:00:00.000000,Cardones220,"51,07"
2024-10-01 10:00:00.000000,PMontt220,"48,40"
2024-10-01 10:00:00.000000,Quillota220,"41,73"
2024-10-01 10:00:00.000000,AJahuel220,"41,15"
2024-10-01 10:00:00.000000,Charrua220,"39,55"
2024-10-01 10:00:00.000000,Cardones220,"0,00"
2024-10-01 10:00:00.000000,PAzucar220,"0,00"
2024-10-01 11:00:00.000000,PMontt220,"58,79"
2024-10-01 11:00:00.000000,Quillota220,"30,91"
2024-10-01 11:00:00.000000,AJahuel220,"30,50"
2024-10-01 11:00:00.000000,Charrua220,"29,50"
2024-10-01 11:00:00.000000,Cardones220,"0,00"
2024-10-01 11:00:00.000000,PAzucar220,"0,00"
2024-10-01 12:00:00.000000,PMontt220,"59,51"
2024-10-01 12:00:00.000000,Quillota220,"33,97"
2024-10-01 12:00:00.000000,AJahuel220,"33,56"
2024-10-01 12:00:00.000000,Charrua220,"32,69"
2024-10-01 12:00:00.000000,Cardones220,"0,00"
2024-10-01 12:00:00.000000,PAzucar220,"0,00"
2024-10-01 13:00:00.000000,PMontt220,"59,71"
2024-10-01 13:00:00.000000,Quillota220,"30,93"
2024-10-01 13:00:00.000000,AJahuel220,"30,57"
2024-10-01 13:00:00.000000,Charrua220,"29,85"
2024-10-01 13:00:00.000000,Cardones220,"0,00"
2024-10-01 13:00:00.000000,PAzucar220,"0,00"
2024-10-01 14:00:00.000000,PMontt220,"35,32"
2024-10-01 14:00:00.000000,Quillota220,"30,92"
2024-10-01 14:00:00.000000,AJahuel220,"30,58"
2024-10-01 14:00:00.000000,Charrua220,"29,90"
2024-10-01 14:00:00.000000,Cardones220,"0,00"
2024-10-01 14:00:00.000000,PAzucar220,"0,00"
2024-10-01 15:00:00.000000,PMontt220,"35,22"
2024-10-01 15:00:00.000000,Quillota220,"30,92"
2024-10-01 15:00:00.000000,AJahuel220,"30,55"
2024-10-01 15:00:00.000000,Charrua220,"29,81"
2024-10-01 15:00:00.000000,Cardones220,"0,00"
2024-10-01 15:00:00.000000,PAzucar220,"0,00"
2024-10-01 16:00:00.000000,PMontt220,"59,46"
2024-10-01 16:00:00.000000,Quillota220,"30,92"
2024-10-01 16:00:00.000000,AJahuel220,"30,53"
2024-10-01 16:00:00.000000,Charrua220,"29,77"
2024-10-01 16:00:00.000000,Cardones220,"0,00"
2024-10-01 16:00:00.000000,PAzucar220,"0,00"
2024-10-01 17:00:00.000000,PMontt220,"35,01"
2024-10-01 17:00:00.000000,Quillota220,"30,93"
2024-10-01 17:00:00.000000,AJahuel220,"30,52"
2024-10-01 17:00:00.000000,Charrua220,"29,63"
2024-10-01 17:00:00.000000,Cardones220,"0,00"
2024-10-01 17:00:00.000000,PAzucar220,"0,00"
2024-10-01 18:00:00.000000,PMontt220,"34,35"
2024-10-01 18:00:00.000000,Quillota220,"30,92"
2024-10-01 18:00:00.000000,AJahuel220,"30,54"
2024-10-01 18:00:00.000000,Charrua220,"29,60"
2024-10-01 18:00:00.000000,Cardones220,"0,00"
2024-10-01 18:00:00.000000,PAzucar220,"0,00"
2024-10-01 19:00:00.000000,PMontt220,"28,75"
2024-10-01 19:00:00.000000,Quillota220,"27,93"
2024-10-01 19:00:00.000000,AJahuel220,"27,62"
2024-10-01 19:00:00.000000,Charrua220,"26,64"
2024-10-01 19:00:00.000000,PAzucar220,"25,36"
2024-10-01 19:00:00.000000,Cardones220,"24,71"
2024-10-01 20:00:00.000000,Cardones220,"56,74"
2024-10-01 20:00:00.000000,Quillota220,"56,45"
2024-10-01 20:00:00.000000,AJahuel220,"54,83"
2024-10-01 20:00:00.000000,PAzucar220,"54,61"
2024-10-01 20:00:00.000000,Charrua220,"50,43"
2024-10-01 20:00:00.000000,PMontt220,"48,29"
2024-10-01 21:00:00.000000,Quillota220,"59,69"
2024-10-01 21:00:00.000000,Cardones220,"59,61"
2024-10-01 21:00:00.000000,AJahuel220,"57,88"
2024-10-01 21:00:00.000000,PAzucar220,"57,53"
2024-10-01 21:00:00.000000,Charrua220,"52,93"
2024-10-01 21:00:00.000000,PMontt220,"52,49"
2024-10-01 22:00:00.000000,Cardones220,"60,25"
2024-10-01 22:00:00.000000,Quillota220,"59,69"
2024-10-01 22:00:00.000000,PAzucar220,"57,94"
2024-10-01 22:00:00.000000,AJahuel220,"57,93"
2024-10-01 22:00:00.000000,Charrua220,"53,05"
2024-10-01 22:00:00.000000,PMontt220,"52,18"
2024-10-01 23:00:00.000000,Cardones220,"59,89"
2024-10-01 23:00:00.000000,Quillota220,"59,69"
2024-10-01 23:00:00.000000,AJahuel220,"58,04"
2024-10-01 23:00:00.000000,PAzucar220,"57,83"
2024-10-01 23:00:00.000000,PMontt220,"47,22"
2024-10-01 23:00:00.000000,Charrua220,"46,63"
2024-10-01 23:59:59.000000,Cardones220,"60,29"
2024-10-01 23:59:59.000000,Quillota220,"59,58"
2024-10-01 23:59:59.000000,PAzucar220,"58,11"
2024-10-01 23:59:59.000000,AJahuel220,"57,47"
2024-10-01 23:59:59.000000,PMontt220,"46,30"
2024-10-01 23:59:59.000000,Charrua220,"44,43"
2024-10-02 01:00:00.000000,Cardones220,"64,34"
2024-10-02 01:00:00.000000,Quillota220,"63,30"
2024-10-02 01:00:00.000000,AJahuel220,"62,29"
2024-10-02 01:00:00.000000,PAzucar220,"62,24"
2024-10-02 01:00:00.000000,PMontt220,"62,22"
2024-10-02 01:00:00.000000,Charrua220,"57,55"
2024-10-02 02:00:00.000000,Cardones220,"64,98"
2024-10-02 02:00:00.000000,Quillota220,"63,30"
2024-10-02 02:00:00.000000,PAzucar220,"62,64"
2024-10-02 02:00:00.000000,AJahuel220,"62,22"
2024-10-02 02:00:00.000000,PMontt220,"61,51"
2024-10-02 02:00:00.000000,Charrua220,"57,56"
2024-10-02 03:00:00.000000,Cardones220,"64,85"
2024-10-02 03:00:00.000000,Quillota220,"63,30"
2024-10-02 03:00:00.000000,PAzucar220,"62,56"
2024-10-02 03:00:00.000000,AJahuel220,"62,13"
2024-10-02 03:00:00.000000,PMontt220,"60,90"
2024-10-02 03:00:00.000000,Charrua220,"57,17"
2024-10-02 04:00:00.000000,Cardones220,"65,48"
2024-10-02 04:00:00.000000,Quillota220,"63,30"
2024-10-02 04:00:00.000000,PAzucar220,"62,95"
2024-10-02 04:00:00.000000,AJahuel220,"62,10"
2024-10-02 04:00:00.000000,PMontt220,"41,34"
2024-10-02 04:00:00.000000,Charrua220,"39,29"
2024-10-02 05:00:00.000000,Cardones220,"65,60"
2024-10-02 05:00:00.000000,Quillota220,"63,30"
2024-10-02 05:00:00.000000,PAzucar220,"63,01"
2024-10-02 05:00:00.000000,AJahuel220,"62,14"
2024-10-02 05:00:00.000000,PMontt220,"40,53"
2024-10-02 05:00:00.000000,Charrua220,"39,52"
2024-10-02 06:00:00.000000,Cardones220,"65,08"
2024-10-02 06:00:00.000000,Quillota220,"63,30"
2024-10-02 06:00:00.000000,PAzucar220,"62,73"
2024-10-02 06:00:00.000000,AJahuel220,"62,22"
2024-10-02 06:00:00.000000,Charrua220,"39,48"
2024-10-02 06:00:00.000000,PMontt220,"8,38"
2024-10-02 07:00:00.000000,Cardones220,"63,61"
2024-10-02 07:00:00.000000,Quillota220,"63,30"
2024-10-02 07:00:00.000000,AJahuel220,"62,38"
2024-10-02 07:00:00.000000,PAzucar220,"61,95"
2024-10-02 07:00:00.000000,Charrua220,"47,71"
2024-10-02 07:00:00.000000,PMontt220,"13,54"
2024-10-02 08:00:00.000000,PMontt220,"64,09"
2024-10-02 08:00:00.000000,Quillota220,"63,30"
2024-10-02 08:00:00.000000,Cardones220,"62,74"
2024-10-02 08:00:00.000000,AJahuel220,"62,30"
2024-10-02 08:00:00.000000,PAzucar220,"61,39"
2024-10-02 08:00:00.000000,Charrua220,"57,07"
2024-10-02 09:00:00.000000,PMontt220,"26,18"
2024-10-02 09:00:00.000000,Quillota220,"23,64"
2024-10-02 09:00:00.000000,AJahuel220,"23,38"
2024-10-02 09:00:00.000000,Charrua220,"22,15"
2024-10-02 09:00:00.000000,PAzucar220,"21,64"
2024-10-02 09:00:00.000000,Cardones220,"21,10"
2024-10-02 10:00:00.000000,PMontt220,"200,08"
2024-10-02 10:00:00.000000,AJahuel220,"0,00"
2024-10-02 10:00:00.000000,Cardones220,"0,00"
2024-10-02 10:00:00.000000,Charrua220,"0,00"
2024-10-02 10:00:00.000000,PAzucar220,"0,00"
2024-10-02 10:00:00.000000,Quillota220,"0,00"
2024-10-02 11:00:00.000000,PMontt220,"85,02"
2024-10-02 11:00:00.000000,AJahuel220,"0,00"
2024-10-02 11:00:00.000000,Cardones220,"0,00"
2024-10-02 11:00:00.000000,Charrua220,"0,00"
2024-10-02 11:00:00.000000,PAzucar220,"0,00"
2024-10-02 11:00:00.000000,Quillota220,"0,00"
2024-10-02 12:00:00.000000,PMontt220,"94,26"
2024-10-02 12:00:00.000000,AJahuel220,"0,00"
2024-10-02 12:00:00.000000,Cardones220,"0,00"
2024-10-02 12:00:00.000000,Charrua220,"0,00"
2024-10-02 12:00:00.000000,PAzucar220,"0,00"
2024-10-02 12:00:00.000000,Quillota220,"0,00"
2024-10-02 13:00:00.000000,PMontt220,"86,32"
2024-10-02 13:00:00.000000,AJahuel220,"0,00"
2024-10-02 13:00:00.000000,Cardones220,"0,00"
2024-10-02 13:00:00.000000,Charrua220,"0,00"
2024-10-02 13:00:00.000000,PAzucar220,"0,00"
2024-10-02 13:00:00.000000,Quillota220,"0,00"
2024-10-02 14:00:00.000000,AJahuel220,"0,00"
2024-10-02 14:00:00.000000,Cardones220,"0,00"
2024-10-02 14:00:00.000000,Charrua220,"0,00"
2024-10-02 14:00:00.000000,PAzucar220,"0,00"
2024-10-02 14:00:00.000000,PMontt220,"0,00"
2024-10-02 14:00:00.000000,Quillota220,"0,00"
2024-10-02 15:00:00.000000,PMontt220,"86,24"
2024-10-02 15:00:00.000000,AJahuel220,"0,00"
2024-10-02 15:00:00.000000,Cardones220,"0,00"
2024-10-02 15:00:00.000000,Charrua220,"0,00"
2024-10-02 15:00:00.000000,PAzucar220,"0,00"
2024-10-02 15:00:00.000000,Quillota220,"0,00"
2024-10-02 16:00:00.000000,PMontt220,"85,28"
2024-10-02 16:00:00.000000,AJahuel220,"0,00"
2024-10-02 16:00:00.000000,Cardones220,"0,00"
2024-10-02 16:00:00.000000,Charrua220,"0,00"
2024-10-02 16:00:00.000000,PAzucar220,"0,00"
2024-10-02 16:00:00.000000,Quillota220,"0,00"
2024-10-02 17:00:00.000000,AJahuel220,"0,00"
2024-10-02 17:00:00.000000,Cardones220,"0,00"
2024-10-02 17:00:00.000000,Charrua220,"0,00"
2024-10-02 17:00:00.000000,PAzucar220,"0,00"
2024-10-02 17:00:00.000000,PMontt220,"0,00"
2024-10-02 17:00:00.000000,Quillota220,"0,00"
2024-10-02 18:00:00.000000,AJahuel220,"0,00"
2024-10-02 18:00:00.000000,Cardones220,"0,00"
2024-10-02 18:00:00.000000,Charrua220,"0,00"
2024-10-02 18:00:00.000000,PAzucar220,"0,00"
2024-10-02 18:00:00.000000,PMontt220,"0,00"
2024-10-02 18:00:00.000000,Quillota220,"0,00"
2024-10-02 19:00:00.000000,AJahuel220,"0,00"
2024-10-02 19:00:00.000000,Cardones220,"0,00"
2024-10-02 19:00:00.000000,Charrua220,"0,00"
2024-10-02 19:00:00.000000,PAzucar220,"0,00"
2024-10-02 19:00:00.000000,PMontt220,"0,00"
2024-10-02 19:00:00.000000,Quillota220,"0,00"
2024-10-02 20:00:00.000000,Quillota220,"57,01"
2024-10-02 20:00:00.000000,Cardones220,"56,30"
2024-10-02 20:00:00.000000,AJahuel220,"55,60"
2024-10-02 20:00:00.000000,PAzucar220,"54,76"
2024-10-02 20:00:00.000000,Charrua220,"51,31"
2024-10-02 20:00:00.000000,PMontt220,"37,00"
2024-10-02 21:00:00.000000,Quillota220,"66,53"
2024-10-02 21:00:00.000000,Cardones220,"66,08"
2024-10-02 21:00:00.000000,PMontt220,"65,07"
2024-10-02 21:00:00.000000,AJahuel220,"64,86"
2024-10-02 21:00:00.000000,PAzucar220,"64,14"
2024-10-02 21:00:00.000000,Charrua220,"59,53"
2024-10-02 22:00:00.000000,Cardones220,"66,84"
2024-10-02 22:00:00.000000,Quillota220,"66,76"
2024-10-02 22:00:00.000000,AJahuel220,"65,07"
2024-10-02 22:00:00.000000,PAzucar220,"64,70"
2024-10-02 22:00:00.000000,Charrua220,"59,62"
2024-10-02 22:00:00.000000,PMontt220,"16,21"
2024-10-02 23:00:00.000000,Quillota220,"72,78"
2024-10-02 23:00:00.000000,Cardones220,"72,77"
2024-10-02 23:00:00.000000,AJahuel220,"71,12"
2024-10-02 23:00:00.000000,PAzucar220,"70,67"
2024-10-02 23:00:00.000000,Charrua220,"65,15"
2024-10-02 23:00:00.000000,PMontt220,"17,27"
2024-10-02 23:59:59.000000,Cardones220,"73,92"
2024-10-02 23:59:59.000000,Quillota220,"72,78"
2024-10-02 23:59:59.000000,PAzucar220,"71,45"
2024-10-02 23:59:59.000000,AJahuel220,"71,04"
2024-10-02 23:59:59.000000,Charrua220,"65,23"
2024-10-02 23:59:59.000000,PMontt220,"14,23"
2024-10-03 01:00:00.000000,Cardones220,"61,62"
2024-10-03 01:00:00.000000,PAzucar220,"59,19"
2024-10-03 01:00:00.000000,Quillota220,"58,20"
2024-10-03 01:00:00.000000,AJahuel220,"50,97"
2024-10-03 01:00:00.000000,Charrua220,"39,62"
2024-10-03 01:00:00.000000,PMontt220,"8,50"
2024-10-03 02:00:00.000000,Cardones220,"61,86"
2024-10-03 02:00:00.000000,PAzucar220,"59,44"
2024-10-03 02:00:00.000000,Quillota220,"58,21"
2024-10-03 02:00:00.000000,AJahuel220,"51,03"
2024-10-03 02:00:00.000000,Charrua220,"39,75"
2024-10-03 02:00:00.000000,PMontt220,"8,91"
2024-10-03 03:00:00.000000,Cardones220,"61,78"
2024-10-03 03:00:00.000000,PAzucar220,"59,48"
2024-10-03 03:00:00.000000,Quillota220,"58,21"
2024-10-03 03:00:00.000000,AJahuel220,"51,04"
2024-10-03 03:00:00.000000,Charrua220,"39,73"
2024-10-03 03:00:00.000000,PMontt220,"8,35"
2024-10-03 04:00:00.000000,Cardones220,"62,05"
2024-10-03 04:00:00.000000,PAzucar220,"59,71"
2024-10-03 04:00:00.000000,Quillota220,"58,20"
2024-10-03 04:00:00.000000,AJahuel220,"51,03"
2024-10-03 04:00:00.000000,Charrua220,"39,87"
2024-10-03 04:00:00.000000,PMontt220,"8,23"
2024-10-03 05:00:00.000000,Cardones220,"62,11"
2024-10-03 05:00:00.000000,PAzucar220,"59,84"
2024-10-03 05:00:00.000000,Quillota220,"58,20"
2024-10-03 05:00:00.000000,AJahuel220,"51,06"
2024-10-03 05:00:00.000000,Charrua220,"39,81"
2024-10-03 05:00:00.000000,PMontt220,"8,20"
2024-10-03 06:00:00.000000,Cardones220,"62,04"
2024-10-03 06:00:00.000000,PAzucar220,"59,93"
2024-10-03 06:00:00.000000,Quillota220,"58,20"
2024-10-03 06:00:00.000000,AJahuel220,"51,09"
2024-10-03 06:00:00.000000,Charrua220,"39,83"
2024-10-03 06:00:00.000000,PMontt220,"8,19"
2024-10-03 07:00:00.000000,Cardones220,"74,10"
2024-10-03 07:00:00.000000,PAzucar220,"72,02"
2024-10-03 07:00:00.000000,Quillota220,"70,52"
2024-10-03 07:00:00.000000,AJahuel220,"62,63"
2024-10-03 07:00:00.000000,Charrua220,"50,05"
2024-10-03 07:00:00.000000,PMontt220,"14,44"
2024-10-03 08:00:00.000000,Cardones220,"67,13"
2024-10-03 08:00:00.000000,Quillota220,"66,64"
2024-10-03 08:00:00.000000,PAzucar220,"65,94"
2024-10-03 08:00:00.000000,AJahuel220,"65,49"
2024-10-03 08:00:00.000000,PMontt220,"64,88"
2024-10-03 08:00:00.000000,Charrua220,"60,04"
2024-10-03 09:00:00.000000,PMontt220,"56,61"
2024-10-03 09:00:00.000000,Quillota220,"54,00"
2024-10-03 09:00:00.000000,AJahuel220,"53,28"
2024-10-03 09:00:00.000000,PAzucar220,"51,54"
2024-10-03 09:00:00.000000,Cardones220,"50,81"
2024-10-03 09:00:00.000000,Charrua220,"49,75"
2024-10-03 10:00:00.000000,Quillota220,"44,81"
2024-10-03 10:00:00.000000,PMontt220,"27,80"
2024-10-03 10:00:00.000000,AJahuel220,"25,87"
2024-10-03 10:00:00.000000,Charrua220,"23,55"
2024-10-03 10:00:00.000000,Cardones220,"0,00"
2024-10-03 10:00:00.000000,PAzucar220,"0,00"
2024-10-03 11:00:00.000000,Quillota220,"44,19"
2024-10-03 11:00:00.000000,PMontt220,"27,04"
2024-10-03 11:00:00.000000,AJahuel220,"25,35"
2024-10-03 11:00:00.000000,Charrua220,"23,23"
2024-10-03 11:00:00.000000,Cardones220,"0,00"
2024-10-03 11:00:00.000000,PAzucar220,"0,00"
2024-10-03 12:00:00.000000,Quillota220,"44,47"
2024-10-03 12:00:00.000000,PMontt220,"27,52"
2024-10-03 12:00:00.000000,AJahuel220,"25,62"
2024-10-03 12:00:00.000000,Charrua220,"23,55"
2024-10-03 12:00:00.000000,Cardones220,"0,00"
2024-10-03 12:00:00.000000,PAzucar220,"0,00"
2024-10-03 13:00:00.000000,PMontt220,"88,91"
2024-10-03 13:00:00.000000,Quillota220,"44,48"
2024-10-03 13:00:00.000000,AJahuel220,"25,62"
2024-10-03 13:00:00.000000,Charrua220,"23,54"
2024-10-03 13:00:00.000000,Cardones220,"0,00"
2024-10-03 13:00:00.000000,PAzucar220,"0,00"
2024-10-03 14:00:00.000000,Quillota220,"44,46"
2024-10-03 14:00:00.000000,PMontt220,"27,62"
2024-10-03 14:00:00.000000,AJahuel220,"25,61"
2024-10-03 14:00:00.000000,Charrua220,"23,52"
2024-10-03 14:00:00.000000,Cardones220,"0,00"
2024-10-03 14:00:00.000000,PAzucar220,"0,00"
2024-10-03 15:00:00.000000,PMontt220,"88,91"
2024-10-03 15:00:00.000000,Quillota220,"44,52"
2024-10-03 15:00:00.000000,AJahuel220,"25,61"
2024-10-03 15:00:00.000000,Charrua220,"23,51"
2024-10-03 15:00:00.000000,Cardones220,"0,00"
2024-10-03 15:00:00.000000,PAzucar220,"0,00"
2024-10-03 16:00:00.000000,PMontt220,"88,54"
2024-10-03 16:00:00.000000,Quillota220,"50,77"
2024-10-03 16:00:00.000000,AJahuel220,"29,16"
2024-10-03 16:00:00.000000,Charrua220,"26,67"
2024-10-03 16:00:00.000000,Cardones220,"0,00"
2024-10-03 16:00:00.000000,PAzucar220,"0,00"
2024-10-03 17:00:00.000000,PMontt220,"88,30"
2024-10-03 17:00:00.000000,Quillota220,"50,95"
2024-10-03 17:00:00.000000,AJahuel220,"29,17"
2024-10-03 17:00:00.000000,Charrua220,"26,59"
2024-10-03 17:00:00.000000,Cardones220,"0,00"
2024-10-03 17:00:00.000000,PAzucar220,"0,00"
2024-10-03 18:00:00.000000,Quillota220,"50,77"
2024-10-03 18:00:00.000000,PMontt220,"32,08"
2024-10-03 18:00:00.000000,AJahuel220,"29,25"
2024-10-03 18:00:00.000000,Charrua220,"26,74"
2024-10-03 18:00:00.000000,Cardones220,"0,00"
2024-10-03 18:00:00.000000,PAzucar220,"0,00"
2024-10-03 19:00:00.000000,PMontt220,"49,99"
2024-10-03 19:00:00.000000,Quillota220,"47,12"
2024-10-03 19:00:00.000000,AJahuel220,"46,66"
2024-10-03 19:00:00.000000,Charrua220,"44,28"
2024-10-03 19:00:00.000000,PAzucar220,"43,80"
2024-10-03 19:00:00.000000,Cardones220,"42,72"
2024-10-03 20:00:00.000000,PMontt220,"65,85"
2024-10-03 20:00:00.000000,Quillota220,"65,35"
2024-10-03 20:00:00.000000,AJahuel220,"64,53"
2024-10-03 20:00:00.000000,Cardones220,"62,97"
2024-10-03 20:00:00.000000,PAzucar220,"62,71"
2024-10-03 20:00:00.000000,Charrua220,"60,50"
2024-10-03 21:00:00.000000,Quillota220,"68,20"
2024-10-03 21:00:00.000000,Cardones220,"67,31"
2024-10-03 21:00:00.000000,AJahuel220,"67,11"
2024-10-03 21:00:00.000000,PAzucar220,"66,39"
2024-10-03 21:00:00.000000,PMontt220,"65,70"
2024-10-03 21:00:00.000000,Charrua220,"62,11"
2024-10-03 22:00:00.000000,PMontt220,"82,97"
2024-10-03 22:00:00.000000,Quillota220,"81,77"
2024-10-03 22:00:00.000000,Cardones220,"81,34"
2024-10-03 22:00:00.000000,AJahuel220,"80,20"
2024-10-03 22:00:00.000000,PAzucar220,"80,17"
2024-10-03 22:00:00.000000,Charrua220,"73,79"
2024-10-03 23:00:00.000000,Cardones220,"76,82"
2024-10-03 23:00:00.000000,Quillota220,"76,06"
2024-10-03 23:00:00.000000,PMontt220,"75,98"
2024-10-03 23:00:00.000000,PAzucar220,"75,48"
2024-10-03 23:00:00.000000,AJahuel220,"74,64"
2024-10-03 23:00:00.000000,Charrua220,"68,65"
2024-10-03 23:59:59.000000,Cardones220,"77,41"
2024-10-03 23:59:59.000000,PMontt220,"76,12"
2024-10-03 23:59:59.000000,Quillota220,"75,98"
2024-10-03 23:59:59.000000,PAzucar220,"75,94"
2024-10-03 23:59:59.000000,AJahuel220,"74,54"
2024-10-03 23:59:59.000000,Charrua220,"68,60"
2024-10-04 01:00:00.000000,Cardones220,"103,51"
2024-10-04 01:00:00.000000,PAzucar220,"100,21"
2024-10-04 01:00:00.000000,Quillota220,"95,93"
2024-10-04 01:00:00.000000,AJahuel220,"93,48"
2024-10-04 01:00:00.000000,Charrua220,"85,87"
2024-10-04 01:00:00.000000,PMontt220,"84,92"
2024-10-04 02:00:00.000000,Cardones220,"103,61"
2024-10-04 02:00:00.000000,PAzucar220,"100,41"
2024-10-04 02:00:00.000000,Quillota220,"95,95"
2024-10-04 02:00:00.000000,AJahuel220,"93,53"
2024-10-04 02:00:00.000000,PMontt220,"90,44"
2024-10-04 02:00:00.000000,Charrua220,"86,26"
2024-10-04 03:00:00.000000,Cardones220,"93,17"
2024-10-04 03:00:00.000000,PAzucar220,"90,71"
2024-10-04 03:00:00.000000,AJahuel220,"87,55"
2024-10-04 03:00:00.000000,Quillota220,"87,37"
2024-10-04 03:00:00.000000,PMontt220,"85,39"
2024-10-04 03:00:00.000000,Charrua220,"81,42"
2024-10-04 04:00:00.000000,Cardones220,"92,90"
2024-10-04 04:00:00.000000,PAzucar220,"90,51"
2024-10-04 04:00:00.000000,AJahuel220,"87,37"
2024-10-04 04:00:00.000000,Quillota220,"87,13"
2024-10-04 04:00:00.000000,PMontt220,"85,33"
2024-10-04 04:00:00.000000,Charrua220,"81,54"
2024-10-04 05:00:00.000000,Cardones220,"92,56"
2024-10-04 05:00:00.000000,PAzucar220,"90,33"
2024-10-04 05:00:00.000000,AJahuel220,"87,49"
2024-10-04 05:00:00.000000,Quillota220,"87,13"
2024-10-04 05:00:00.000000,PMontt220,"85,88"
2024-10-04 05:00:00.000000,Charrua220,"81,90"
2024-10-04 06:00:00.000000,Cardones220,"92,16"
2024-10-04 06:00:00.000000,PAzucar220,"90,09"
2024-10-04 06:00:00.000000,AJahuel220,"87,59"
2024-10-04 06:00:00.000000,Quillota220,"87,13"
2024-10-04 06:00:00.000000,PMontt220,"86,35"
2024-10-04 06:00:00.000000,Charrua220,"82,05"
2024-10-04 07:00:00.000000,Cardones220,"101,66"
2024-10-04 07:00:00.000000,PAzucar220,"99,52"
2024-10-04 07:00:00.000000,AJahuel220,"96,99"
2024-10-04 07:00:00.000000,Quillota220,"96,52"
2024-10-04 07:00:00.000000,PMontt220,"90,51"
2024-10-04 07:00:00.000000,Charrua220,"90,41"
2024-10-04 08:00:00.000000,Cardones220,"98,80"
2024-10-04 08:00:00.000000,PAzucar220,"98,03"
2024-10-04 08:00:00.000000,AJahuel220,"97,44"
2024-10-04 08:00:00.000000,Quillota220,"96,82"
2024-10-04 08:00:00.000000,PMontt220,"94,27"
2024-10-04 08:00:00.000000,Charrua220,"91,04"
2024-10-04 09:00:00.000000,PMontt220,"65,62"
2024-10-04 09:00:00.000000,AJahuel220,"58,93"
2024-10-04 09:00:00.000000,Quillota220,"58,64"
2024-10-04 09:00:00.000000,PAzucar220,"56,67"
2024-10-04 09:00:00.000000,Charrua220,"55,89"
2024-10-04 09:00:00.000000,Cardones220,"55,30"
2024-10-04 10:00:00.000000,PMontt220,"32,43"
2024-10-04 10:00:00.000000,AJahuel220,"27,46"
2024-10-04 10:00:00.000000,Charrua220,"27,08"
2024-10-04 10:00:00.000000,Quillota220,"25,24"
2024-10-04 10:00:00.000000,PAzucar220,"1,96"
2024-10-04 10:00:00.000000,Cardones220,"0,00"
2024-10-04 11:00:00.000000,PMontt220,"8,13"
2024-10-04 11:00:00.000000,AJahuel220,"6,97"
2024-10-04 11:00:00.000000,Charrua220,"6,89"
2024-10-04 11:00:00.000000,Quillota220,"6,45"
2024-10-04 11:00:00.000000,PAzucar220,"0,31"
2024-10-04 11:00:00.000000,Cardones220,"0,00"
2024-10-04 12:00:00.000000,AJahuel220,"0,00"
2024-10-04 12:00:00.000000,Cardones220,"0,00"
2024-10-04 12:00:00.000000,Charrua220,"0,00"
2024-10-04 12:00:00.000000,PAzucar220,"0,00"
2024-10-04 12:00:00.000000,PMontt220,"0,00"
2024-10-04 12:00:00.000000,Quillota220,"0,00"
2024-10-04 13:00:00.000000,PMontt220,"200,20"
2024-10-04 13:00:00.000000,AJahuel220,"0,00"
2024-10-04 13:00:00.000000,Cardones220,"0,00"
2024-10-04 13:00:00.000000,Charrua220,"0,00"
2024-10-04 13:00:00.000000,PAzucar220,"0,00"
2024-10-04 13:00:00.000000,Quillota220,"0,00"
2024-10-04 14:00:00.000000,PMontt220,"192,06"
2024-10-04 14:00:00.000000,AJahuel220,"0,00"
2024-10-04 14:00:00.000000,Cardones220,"0,00"
2024-10-04 14:00:00.000000,Charrua220,"0,00"
2024-10-04 14:00:00.000000,PAzucar220,"0,00"
2024-10-04 14:00:00.000000,Quillota220,"0,00"
2024-10-04 15:00:00.000000,PMontt220,"200,27"
2024-10-04 15:00:00.000000,AJahuel220,"0,00"
2024-10-04 15:00:00.000000,Cardones220,"0,00"
2024-10-04 15:00:00.000000,Charrua220,"0,00"
2024-10-04 15:00:00.000000,PAzucar220,"0,00"
2024-10-04 15:00:00.000000,Quillota220,"0,00"
2024-10-04 16:00:00.000000,AJahuel220,"0,00"
2024-10-04 16:00:00.000000,Cardones220,"0,00"
2024-10-04 16:00:00.000000,Charrua220,"0,00"
2024-10-04 16:00:00.000000,PAzucar220,"0,00"
2024-10-04 16:00:00.000000,PMontt220,"0,00"
2024-10-04 16:00:00.000000,Quillota220,"0,00"
2024-10-04 17:00:00.000000,AJahuel220,"0,00"
2024-10-04 17:00:00.000000,Cardones220,"0,00"
2024-10-04 17:00:00.000000,Charrua220,"0,00"
2024-10-04 17:00:00.000000,PAzucar220,"0,00"
2024-10-04 17:00:00.000000,PMontt220,"0,00"
2024-10-04 17:00:00.000000,Quillota220,"0,00"
2024-10-04 18:00:00.000000,AJahuel220,"0,00"
2024-10-04 18:00:00.000000,Cardones220,"0,00"
2024-10-04 18:00:00.000000,Charrua220,"0,00"
2024-10-04 18:00:00.000000,PAzucar220,"0,00"
2024-10-04 18:00:00.000000,PMontt220,"0,00"
2024-10-04 18:00:00.000000,Quillota220,"0,00"
2024-10-04 19:00:00.000000,PMontt220,"59,17"
2024-10-04 19:00:00.000000,Quillota220,"56,12"
2024-10-04 19:00:00.000000,AJahuel220,"55,42"
2024-10-04 19:00:00.000000,PAzucar220,"53,02"
2024-10-04 19:00:00.000000,Charrua220,"52,32"
2024-10-04 19:00:00.000000,Cardones220,"51,98"
2024-10-04 20:00:00.000000,Quillota220,"77,45"
2024-10-04 20:00:00.000000,AJahuel220,"76,59"
2024-10-04 20:00:00.000000,Cardones220,"75,16"
2024-10-04 20:00:00.000000,PAzucar220,"75,02"
2024-10-04 20:00:00.000000,PMontt220,"74,03"
2024-10-04 20:00:00.000000,Charrua220,"71,25"
2024-10-04 21:00:00.000000,Quillota220,"99,76"
2024-10-04 21:00:00.000000,AJahuel220,"98,94"
2024-10-04 21:00:00.000000,Cardones220,"98,79"
2024-10-04 21:00:00.000000,PAzucar220,"97,97"
2024-10-04 21:00:00.000000,PMontt220,"94,35"
2024-10-04 21:00:00.000000,Charrua220,"91,56"
2024-10-04 22:00:00.000000,Cardones220,"100,16"
2024-10-04 22:00:00.000000,Quillota220,"99,78"
2024-10-04 22:00:00.000000,PAzucar220,"98,88"
2024-10-04 22:00:00.000000,AJahuel220,"98,86"
2024-10-04 22:00:00.000000,PMontt220,"94,19"
2024-10-04 22:00:00.000000,Charrua220,"91,07"
2024-10-04 23:00:00.000000,Cardones220,"100,94"
2024-10-04 23:00:00.000000,Quillota220,"99,55"
2024-10-04 23:00:00.000000,PAzucar220,"99,40"
2024-10-04 23:00:00.000000,AJahuel220,"98,74"
2024-10-04 23:00:00.000000,PMontt220,"94,25"
2024-10-04 23:00:00.000000,Charrua220,"91,09"
2024-10-04 23:59:59.000000,Cardones220,"93,66"
2024-10-04 23:59:59.000000,Quillota220,"92,78"
2024-10-04 23:59:59.000000,PAzucar220,"92,27"
2024-10-04 23:59:59.000000,AJahuel220,"91,61"
2024-10-04 23:59:59.000000,PMontt220,"86,48"
2024-10-04 23:59:59.000000,Charrua220,"84,54"
2024-10-05 01:00:00.000000,Cardones220,"88,18"
2024-10-05 01:00:00.000000,PAzucar220,"86,02"
2024-10-05 01:00:00.000000,Quillota220,"84,58"
2024-10-05 01:00:00.000000,AJahuel220,"80,80"
2024-10-05 01:00:00.000000,Charrua220,"67,85"
2024-10-05 01:00:00.000000,PMontt220,"65,67"
2024-10-05 02:00:00.000000,Cardones220,"88,96"
2024-10-05 02:00:00.000000,PAzucar220,"86,56"
2024-10-05 02:00:00.000000,Quillota220,"84,57"
2024-10-05 02:00:00.000000,AJahuel220,"80,76"
2024-10-05 02:00:00.000000,Charrua220,"67,99"
2024-10-05 02:00:00.000000,PMontt220,"65,27"
2024-10-05 03:00:00.000000,Cardones220,"88,58"
2024-10-05 03:00:00.000000,PAzucar220,"86,50"
2024-10-05 03:00:00.000000,Quillota220,"84,32"
2024-10-05 03:00:00.000000,AJahuel220,"79,46"
2024-10-05 03:00:00.000000,Charrua220,"63,28"
2024-10-05 03:00:00.000000,PMontt220,"59,84"
2024-10-05 04:00:00.000000,Cardones220,"90,89"
2024-10-05 04:00:00.000000,PAzucar220,"88,34"
2024-10-05 04:00:00.000000,Quillota220,"84,28"
2024-10-05 04:00:00.000000,AJahuel220,"73,29"
2024-10-05 04:00:00.000000,Charrua220,"63,37"
2024-10-05 04:00:00.000000,PMontt220,"58,77"
2024-10-05 05:00:00.000000,Cardones220,"91,17"
2024-10-05 05:00:00.000000,PAzucar220,"88,63"
2024-10-05 05:00:00.000000,Quillota220,"84,28"
2024-10-05 05:00:00.000000,AJahuel220,"73,45"
2024-10-05 05:00:00.000000,Charrua220,"63,35"
2024-10-05 05:00:00.000000,PMontt220,"57,76"
2024-10-05 06:00:00.000000,Cardones220,"90,80"
2024-10-05 06:00:00.000000,PAzucar220,"88,27"
2024-10-05 06:00:00.000000,Quillota220,"83,90"
2024-10-05 06:00:00.000000,AJahuel220,"73,06"
2024-10-05 06:00:00.000000,Charrua220,"63,02"
2024-10-05 06:00:00.000000,PMontt220,"57,38"
2024-10-05 07:00:00.000000,Cardones220,"91,34"
2024-10-05 07:00:00.000000,PAzucar220,"88,86"
2024-10-05 07:00:00.000000,Quillota220,"84,31"
2024-10-05 07:00:00.000000,AJahuel220,"73,53"
2024-10-05 07:00:00.000000,Charrua220,"63,44"
2024-10-05 07:00:00.000000,PMontt220,"58,24"
2024-10-05 08:00:00.000000,Cardones220,"90,74"
2024-10-05 08:00:00.000000,PAzucar220,"88,34"
2024-10-05 08:00:00.000000,Quillota220,"83,99"
2024-10-05 08:00:00.000000,AJahuel220,"71,72"
2024-10-05 08:00:00.000000,Charrua220,"63,11"
2024-10-05 08:00:00.000000,PMontt220,"58,67"
2024-10-05 09:00:00.000000,Quillota220,"32,96"
2024-10-05 09:00:00.000000,PMontt220,"32,56"
2024-10-05 09:00:00.000000,AJahuel220,"32,50"
2024-10-05 09:00:00.000000,PAzucar220,"32,29"
2024-10-05 09:00:00.000000,Cardones220,"32,26"
2024-10-05 09:00:00.000000,Charrua220,"30,54"
2024-10-05 10:00:00.000000,AJahuel220,"0,00"
2024-10-05 10:00:00.000000,Cardones220,"0,00"
2024-10-05 10:00:00.000000,Charrua220,"0,00"
2024-10-05 10:00:00.000000,PAzucar220,"0,00"
2024-10-05 10:00:00.000000,PMontt220,"0,00"
2024-10-05 10:00:00.000000,Quillota220,"0,00"
2024-10-05 11:00:00.000000,PMontt220,"201,72"
2024-10-05 11:00:00.000000,AJahuel220,"0,00"
2024-10-05 11:00:00.000000,Cardones220,"0,00"
2024-10-05 11:00:00.000000,Charrua220,"0,00"
2024-10-05 11:00:00.000000,PAzucar220,"0,00"
2024-10-05 11:00:00.000000,Quillota220,"0,00"
2024-10-05 12:00:00.000000,AJahuel220,"0,00"
2024-10-05 12:00:00.000000,Cardones220,"0,00"
2024-10-05 12:00:00.000000,Charrua220,"0,00"
2024-10-05 12:00:00.000000,PAzucar220,"0,00"
2024-10-05 12:00:00.000000,PMontt220,"0,00"
2024-10-05 12:00:00.000000,Quillota220,"0,00"
2024-10-05 13:00:00.000000,AJahuel220,"0,00"
2024-10-05 13:00:00.000000,Cardones220,"0,00"
2024-10-05 13:00:00.000000,Charrua220,"0,00"
2024-10-05 13:00:00.000000,PAzucar220,"0,00"
2024-10-05 13:00:00.000000,PMontt220,"0,00"
2024-10-05 13:00:00.000000,Quillota220,"0,00"
2024-10-05 14:00:00.000000,AJahuel220,"0,00"
2024-10-05 14:00:00.000000,Cardones220,"0,00"
2024-10-05 14:00:00.000000,Charrua220,"0,00"
2024-10-05 14:00:00.000000,PAzucar220,"0,00"
2024-10-05 14:00:00.000000,PMontt220,"0,00"
2024-10-05 14:00:00.000000,Quillota220,"0,00"
2024-10-05 15:00:00.000000,AJahuel220,"0,00"
2024-10-05 15:00:00.000000,Cardones220,"0,00"
2024-10-05 15:00:00.000000,Charrua220,"0,00"
2024-10-05 15:00:00.000000,PAzucar220,"0,00"
2024-10-05 15:00:00.000000,PMontt220,"0,00"
2024-10-05 15:00:00.000000,Quillota220,"0,00"
2024-10-05 16:00:00.000000,AJahuel220,"0,00"
2024-10-05 16:00:00.000000,Cardones220,"0,00"
2024-10-05 16:00:00.000000,Charrua220,"0,00"
2024-10-05 16:00:00.000000,PAzucar220,"0,00"
2024-10-05 16:00:00.000000,PMontt220,"0,00"
2024-10-05 16:00:00.000000,Quillota220,"0,00"
2024-10-05 17:00:00.000000,AJahuel220,"0,00"
2024-10-05 17:00:00.000000,Cardones220,"0,00"
2024-10-05 17:00:00.000000,Charrua220,"0,00"
2024-10-05 17:00:00.000000,PAzucar220,"0,00"
2024-10-05 17:00:00.000000,PMontt220,"0,00"
2024-10-05 17:00:00.000000,Quillota220,"0,00"
2024-10-05 18:00:00.000000,AJahuel220,"0,00"
2024-10-05 18:00:00.000000,Cardones220,"0,00"
2024-10-05 18:00:00.000000,Charrua220,"0,00"
2024-10-05 18:00:00.000000,PAzucar220,"0,00"
2024-10-05 18:00:00.000000,PMontt220,"0,00"
2024-10-05 18:00:00.000000,Quillota220,"0,00"
2024-10-05 19:00:00.000000,PMontt220,"22,11"
2024-10-05 19:00:00.000000,Quillota220,"21,67"
2024-10-05 19:00:00.000000,AJahuel220,"21,45"
2024-10-05 19:00:00.000000,PAzucar220,"20,54"
2024-10-05 19:00:00.000000,Charrua220,"20,51"
2024-10-05 19:00:00.000000,Cardones220,"20,35"
2024-10-05 20:00:00.000000,Quillota220,"72,13"
2024-10-05 20:00:00.000000,AJahuel220,"70,93"
2024-10-05 20:00:00.000000,Cardones220,"70,93"
2024-10-05 20:00:00.000000,PAzucar220,"70,11"
2024-10-05 20:00:00.000000,Charrua220,"66,07"
2024-10-05 20:00:00.000000,PMontt220,"64,34"
2024-10-05 21:00:00.000000,Quillota220,"76,02"
2024-10-05 21:00:00.000000,Cardones220,"75,83"
2024-10-05 21:00:00.000000,AJahuel220,"74,63"
2024-10-05 21:00:00.000000,PAzucar220,"74,57"
2024-10-05 21:00:00.000000,Charrua220,"68,74"
2024-10-05 21:00:00.000000,PMontt220,"68,09"
2024-10-05 22:00:00.000000,Cardones220,"76,85"
2024-10-05 22:00:00.000000,Quillota220,"76,04"
2024-10-05 22:00:00.000000,PAzucar220,"75,14"
2024-10-05 22:00:00.000000,AJahuel220,"74,58"
2024-10-05 22:00:00.000000,Charrua220,"68,37"
2024-10-05 22:00:00.000000,PMontt220,"67,09"
2024-10-05 23:00:00.000000,Cardones220,"76,82"
2024-10-05 23:00:00.000000,Quillota220,"76,02"
2024-10-05 23:00:00.000000,PAzucar220,"75,34"
2024-10-05 23:00:00.000000,AJahuel220,"74,47"
2024-10-05 23:00:00.000000,Charrua220,"68,28"
2024-10-05 23:00:00.000000,PMontt220,"66,26"
2024-10-05 23:59:59.000000,Cardones220,"73,21"
2024-10-05 23:59:59.000000,Quillota220,"72,13"
2024-10-05 23:59:59.000000,PAzucar220,"71,86"
2024-10-05 23:59:59.000000,AJahuel220,"70,78"
2024-10-05 23:59:59.000000,Charrua220,"64,97"
2024-10-05 23:59:59.000000,PMontt220,"61,99"
2024-10-06 01:00:00.000000,Cardones220,"89,19"
2024-10-06 01:00:00.000000,PAzucar220,"86,73"
2024-10-06 01:00:00.000000,Quillota220,"78,49"
2024-10-06 01:00:00.000000,AJahuel220,"38,83"
2024-10-06 01:00:00.000000,PMontt220,"27,02"
2024-10-06 01:00:00.000000,Charrua220,"25,82"
2024-10-06 02:00:00.000000,Cardones220,"89,61"
2024-10-06 02:00:00.000000,PAzucar220,"87,19"
2024-10-06 02:00:00.000000,Quillota220,"78,51"
2024-10-06 02:00:00.000000,AJahuel220,"38,93"
2024-10-06 02:00:00.000000,PMontt220,"26,69"
2024-10-06 02:00:00.000000,Charrua220,"26,00"
2024-10-06 03:00:00.000000,Cardones220,"89,47"
2024-10-06 03:00:00.000000,PAzucar220,"87,16"
2024-10-06 03:00:00.000000,Quillota220,"78,40"
2024-10-06 03:00:00.000000,AJahuel220,"38,34"
2024-10-06 03:00:00.000000,PMontt220,"25,94"
2024-10-06 03:00:00.000000,Charrua220,"25,32"
2024-10-06 04:00:00.000000,Cardones220,"89,78"
2024-10-06 04:00:00.000000,PAzucar220,"87,28"
2024-10-06 04:00:00.000000,Quillota220,"77,77"
2024-10-06 04:00:00.000000,AJahuel220,"35,01"
2024-10-06 04:00:00.000000,PMontt220,"22,02"
2024-10-06 04:00:00.000000,Charrua220,"21,59"
2024-10-06 05:00:00.000000,Cardones220,"90,16"
2024-10-06 05:00:00.000000,PAzucar220,"87,52"
2024-10-06 05:00:00.000000,Quillota220,"77,81"
2024-10-06 05:00:00.000000,AJahuel220,"35,25"
2024-10-06 05:00:00.000000,PMontt220,"22,27"
2024-10-06 05:00:00.000000,Charrua220,"21,93"
2024-10-06 06:00:00.000000,Cardones220,"90,62"
2024-10-06 06:00:00.000000,PAzucar220,"87,84"
2024-10-06 06:00:00.000000,Quillota220,"77,77"
2024-10-06 06:00:00.000000,AJahuel220,"35,05"
2024-10-06 06:00:00.000000,Charrua220,"21,65"
2024-10-06 06:00:00.000000,PMontt220,"21,61"
2024-10-06 07:00:00.000000,Cardones220,"90,82"
2024-10-06 07:00:00.000000,PAzucar220,"87,91"
2024-10-06 07:00:00.000000,Quillota220,"77,77"
2024-10-06 07:00:00.000000,AJahuel220,"35,10"
2024-10-06 07:00:00.000000,Charrua220,"21,68"
2024-10-06 07:00:00.000000,PMontt220,"21,65"
2024-10-06 08:00:00.000000,Cardones220,"70,05"
2024-10-06 08:00:00.000000,PAzucar220,"67,84"
2024-10-06 08:00:00.000000,Quillota220,"61,18"
2024-10-06 08:00:00.000000,AJahuel220,"32,67"
2024-10-06 08:00:00.000000,PMontt220,"23,40"
2024-10-06 08:00:00.000000,Charrua220,"23,11"
2024-10-06 09:00:00.000000,Quillota220,"16,88"
2024-10-06 09:00:00.000000,AJahuel220,"16,59"
2024-10-06 09:00:00.000000,PAzucar220,"16,55"
2024-10-06 09:00:00.000000,Cardones220,"16,54"
2024-10-06 09:00:00.000000,PMontt220,"16,43"
2024-10-06 09:00:00.000000,Charrua220,"15,77"
2024-10-06 10:00:00.000000,AJahuel220,"0,00"
2024-10-06 10:00:00.000000,Cardones220,"0,00"
2024-10-06 10:00:00.000000,Charrua220,"0,00"
2024-10-06 10:00:00.000000,PAzucar220,"0,00"
2024-10-06 10:00:00.000000,PMontt220,"0,00"
2024-10-06 10:00:00.000000,Quillota220,"0,00"
2024-10-06 11:00:00.000000,AJahuel220,"0,00"
2024-10-06 11:00:00.000000,Cardones220,"0,00"
2024-10-06 11:00:00.000000,Charrua220,"0,00"
2024-10-06 11:00:00.000000,PAzucar220,"0,00"
2024-10-06 11:00:00.000000,PMontt220,"0,00"
2024-10-06 11:00:00.000000,Quillota220,"0,00"
2024-10-06 12:00:00.000000,AJahuel220,"0,00"
2024-10-06 12:00:00.000000,Cardones220,"0,00"
2024-10-06 12:00:00.000000,Charrua220,"0,00"
2024-10-06 12:00:00.000000,PAzucar220,"0,00"
2024-10-06 12:00:00.000000,PMontt220,"0,00"
2024-10-06 12:00:00.000000,Quillota220,"0,00"
2024-10-06 13:00:00.000000,AJahuel220,"0,00"
2024-10-06 13:00:00.000000,Cardones220,"0,00"
2024-10-06 13:00:00.000000,Charrua220,"0,00"
2024-10-06 13:00:00.000000,PAzucar220,"0,00"
2024-10-06 13:00:00.000000,PMontt220,"0,00"
2024-10-06 13:00:00.000000,Quillota220,"0,00"
2024-10-06 14:00:00.000000,AJahuel220,"0,00"
2024-10-06 14:00:00.000000,Cardones220,"0,00"
2024-10-06 14:00:00.000000,Charrua220,"0,00"
2024-10-06 14:00:00.000000,PAzucar220,"0,00"
2024-10-06 14:00:00.000000,PMontt220,"0,00"
2024-10-06 14:00:00.000000,Quillota220,"0,00"
2024-10-06 15:00:00.000000,AJahuel220,"0,00"
2024-10-06 15:00:00.000000,Cardones220,"0,00"
2024-10-06 15:00:00.000000,Charrua220,"0,00"
2024-10-06 15:00:00.000000,PAzucar220,"0,00"
2024-10-06 15:00:00.000000,PMontt220,"0,00"
2024-10-06 15:00:00.000000,Quillota220,"0,00"
2024-10-06 16:00:00.000000,AJahuel220,"0,00"
2024-10-06 16:00:00.000000,Cardones220,"0,00"
2024-10-06 16:00:00.000000,Charrua220,"0,00"
2024-10-06 16:00:00.000000,PAzucar220,"0,00"
2024-10-06 16:00:00.000000,PMontt220,"0,00"
2024-10-06 16:00:00.000000,Quillota220,"0,00"
2024-10-06 17:00:00.000000,AJahuel220,"0,00"
2024-10-06 17:00:00.000000,Cardones220,"0,00"
2024-10-06 17:00:00.000000,Charrua220,"0,00"
2024-10-06 17:00:00.000000,PAzucar220,"0,00"
2024-10-06 17:00:00.000000,PMontt220,"0,00"
2024-10-06 17:00:00.000000,Quillota220,"0,00"
2024-10-06 18:00:00.000000,PMontt220,"0,52"
2024-10-06 18:00:00.000000,Quillota220,"0,47"
2024-10-06 18:00:00.000000,AJahuel220,"0,46"
2024-10-06 18:00:00.000000,Charrua220,"0,45"
2024-10-06 18:00:00.000000,PAzucar220,"0,45"
2024-10-06 18:00:00.000000,Cardones220,"0,44"
2024-10-06 19:00:00.000000,Cardones220,"47,47"
2024-10-06 19:00:00.000000,Quillota220,"47,27"
2024-10-06 19:00:00.000000,PAzucar220,"46,90"
2024-10-06 19:00:00.000000,PMontt220,"46,45"
2024-10-06 19:00:00.000000,AJahuel220,"46,19"
2024-10-06 19:00:00.000000,Charrua220,"43,26"
2024-10-06 20:00:00.000000,Cardones220,"86,09"
2024-10-06 20:00:00.000000,PAzucar220,"84,47"
2024-10-06 20:00:00.000000,Quillota220,"79,05"
2024-10-06 20:00:00.000000,AJahuel220,"55,23"
2024-10-06 20:00:00.000000,PMontt220,"47,53"
2024-10-06 20:00:00.000000,Charrua220,"44,99"
2024-10-06 21:00:00.000000,Cardones220,"120,20"
2024-10-06 21:00:00.000000,PAzucar220,"118,15"
2024-10-06 21:00:00.000000,Quillota220,"107,81"
2024-10-06 21:00:00.000000,AJahuel220,"58,93"
2024-10-06 21:00:00.000000,PMontt220,"46,62"
2024-10-06 21:00:00.000000,Charrua220,"41,88"
2024-10-06 22:00:00.000000,Cardones220,"90,05"
2024-10-06 22:00:00.000000,PAzucar220,"88,81"
2024-10-06 22:00:00.000000,Quillota220,"82,89"
2024-10-06 22:00:00.000000,AJahuel220,"53,45"
2024-10-06 22:00:00.000000,PMontt220,"44,70"
2024-10-06 22:00:00.000000,Charrua220,"41,79"
2024-10-06 23:00:00.000000,Cardones220,"80,12"
2024-10-06 23:00:00.000000,PAzucar220,"78,84"
2024-10-06 23:00:00.000000,Quillota220,"73,17"
2024-10-06 23:00:00.000000,AJahuel220,"45,06"
2024-10-06 23:00:00.000000,PMontt220,"35,52"
2024-10-06 23:00:00.000000,Charrua220,"34,43"
2024-10-06 23:59:59.000000,Cardones220,"80,51"
2024-10-06 23:59:59.000000,PAzucar220,"78,89"
2024-10-06 23:59:59.000000,Quillota220,"71,58"
2024-10-06 23:59:59.000000,AJahuel220,"36,67"
2024-10-06 23:59:59.000000,PMontt220,"25,17"
2024-10-06 23:59:59.000000,Charrua220,"25,02"
2024-10-07 01:00:00.000000,Cardones220,"224,75"
2024-10-07 01:00:00.000000,PAzucar220,"215,28"
2024-10-07 01:00:00.000000,Quillota220,"177,18"
2024-10-07 01:00:00.000000,AJahuel220,"49,86"
2024-10-07 01:00:00.000000,Charrua220,"12,35"
2024-10-07 01:00:00.000000,PMontt220,"0,97"
2024-10-07 02:00:00.000000,Cardones220,"225,09"
2024-10-07 02:00:00.000000,PAzucar220,"215,31"
2024-10-07 02:00:00.000000,Quillota220,"177,20"
2024-10-07 02:00:00.000000,AJahuel220,"49,93"
2024-10-07 02:00:00.000000,Charrua220,"12,48"
2024-10-07 02:00:00.000000,PMontt220,"1,09"
2024-10-07 03:00:00.000000,Cardones220,"113,13"
2024-10-07 03:00:00.000000,PAzucar220,"108,34"
2024-10-07 03:00:00.000000,Quillota220,"90,50"
2024-10-07 03:00:00.000000,AJahuel220,"31,87"
2024-10-07 03:00:00.000000,Charrua220,"14,01"
2024-10-07 03:00:00.000000,PMontt220,"2,58"
2024-10-07 04:00:00.000000,Cardones220,"113,10"
2024-10-07 04:00:00.000000,PAzucar220,"108,23"
2024-10-07 04:00:00.000000,Quillota220,"90,38"
2024-10-07 04:00:00.000000,AJahuel220,"31,72"
2024-10-07 04:00:00.000000,Charrua220,"13,93"
2024-10-07 04:00:00.000000,PMontt220,"2,46"
2024-10-07 05:00:00.000000,Cardones220,"109,74"
2024-10-07 05:00:00.000000,PAzucar220,"105,03"
2024-10-07 05:00:00.000000,Quillota220,"87,85"
2024-10-07 05:00:00.000000,AJahuel220,"31,15"
2024-10-07 05:00:00.000000,Charrua220,"13,92"
2024-10-07 05:00:00.000000,PMontt220,"2,46"
2024-10-07 06:00:00.000000,Cardones220,"110,06"
2024-10-07 06:00:00.000000,PAzucar220,"105,26"
2024-10-07 06:00:00.000000,Quillota220,"87,87"
2024-10-07 06:00:00.000000,AJahuel220,"31,21"
2024-10-07 06:00:00.000000,Charrua220,"13,93"
2024-10-07 06:00:00.000000,PMontt220,"2,44"
2024-10-07 07:00:00.000000,Cardones220,"226,09"
2024-10-07 07:00:00.000000,PAzucar220,"215,93"
2024-10-07 07:00:00.000000,Quillota220,"177,25"
2024-10-07 07:00:00.000000,AJahuel220,"50,37"
2024-10-07 07:00:00.000000,Charrua220,"12,77"
2024-10-07 07:00:00.000000,PMontt220,"1,04"
2024-10-07 08:00:00.000000,Cardones220,"224,42"
2024-10-07 08:00:00.000000,PAzucar220,"215,00"
2024-10-07 08:00:00.000000,Quillota220,"177,84"
2024-10-07 08:00:00.000000,AJahuel220,"53,54"
2024-10-07 08:00:00.000000,Charrua220,"16,38"
2024-10-07 08:00:00.000000,PMontt220,"1,91"
2024-10-07 09:00:00.000000,Cardones220,"58,45"
2024-10-07 09:00:00.000000,PAzucar220,"57,50"
2024-10-07 09:00:00.000000,Quillota220,"54,87"
2024-10-07 09:00:00.000000,AJahuel220,"44,17"
2024-10-07 09:00:00.000000,PMontt220,"32,88"
2024-10-07 09:00:00.000000,Charrua220,"31,30"
2024-10-07 10:00:00.000000,PMontt220,"18,20"
2024-10-07 10:00:00.000000,Quillota220,"17,96"
2024-10-07 10:00:00.000000,AJahuel220,"17,67"
2024-10-07 10:00:00.000000,PAzucar220,"17,38"
2024-10-07 10:00:00.000000,Cardones220,"17,17"
2024-10-07 10:00:00.000000,Charrua220,"16,59"
2024-10-07 11:00:00.000000,PMontt220,"0,26"
2024-10-07 11:00:00.000000,Quillota220,"0,23"
2024-10-07 11:00:00.000000,AJahuel220,"0,23"
2024-10-07 11:00:00.000000,Charrua220,"0,22"
2024-10-07 11:00:00.000000,PAzucar220,"0,22"
2024-10-07 11:00:00.000000,Cardones220,"0,21"
2024-10-07 12:00:00.000000,AJahuel220,"0,00"
2024-10-07 12:00:00.000000,Cardones220,"0,00"
2024-10-07 12:00:00.000000,Charrua220,"0,00"
2024-10-07 12:00:00.000000,PAzucar220,"0,00"
2024-10-07 12:00:00.000000,PMontt220,"0,00"
2024-10-07 12:00:00.000000,Quillota220,"0,00"
2024-10-07 13:00:00.000000,AJahuel220,"0,00"
2024-10-07 13:00:00.000000,Cardones220,"0,00"
2024-10-07 13:00:00.000000,Charrua220,"0,00"
2024-10-07 13:00:00.000000,PAzucar220,"0,00"
2024-10-07 13:00:00.000000,PMontt220,"0,00"
2024-10-07 13:00:00.000000,Quillota220,"0,00"
2024-10-07 14:00:00.000000,AJahuel220,"0,00"
2024-10-07 14:00:00.000000,Cardones220,"0,00"
2024-10-07 14:00:00.000000,Charrua220,"0,00"
2024-10-07 14:00:00.000000,PAzucar220,"0,00"
2024-10-07 14:00:00.000000,PMontt220,"0,00"
2024-10-07 14:00:00.000000,Quillota220,"0,00"
2024-10-07 15:00:00.000000,AJahuel220,"0,00"
2024-10-07 15:00:00.000000,Cardones220,"0,00"
2024-10-07 15:00:00.000000,Charrua220,"0,00"
2024-10-07 15:00:00.000000,PAzucar220,"0,00"
2024-10-07 15:00:00.000000,PMontt220,"0,00"
2024-10-07 15:00:00.000000,Quillota220,"0,00"
2024-10-07 16:00:00.000000,AJahuel220,"0,00"
2024-10-07 16:00:00.000000,Cardones220,"0,00"
2024-10-07 16:00:00.000000,Charrua220,"0,00"
2024-10-07 16:00:00.000000,PAzucar220,"0,00"
2024-10-07 16:00:00.000000,PMontt220,"0,00"
2024-10-07 16:00:00.000000,Quillota220,"0,00"
2024-10-07 17:00:00.000000,AJahuel220,"0,00"
2024-10-07 17:00:00.000000,Cardones220,"0,00"
2024-10-07 17:00:00.000000,Charrua220,"0,00"
2024-10-07 17:00:00.000000,PAzucar220,"0,00"
2024-10-07 17:00:00.000000,PMontt220,"0,00"
2024-10-07 17:00:00.000000,Quillota220,"0,00"
2024-10-07 18:00:00.000000,AJahuel220,"0,00"
2024-10-07 18:00:00.000000,Cardones220,"0,00"
2024-10-07 18:00:00.000000,Charrua220,"0,00"
2024-10-07 18:00:00.000000,PAzucar220,"0,00"
2024-10-07 18:00:00.000000,PMontt220,"0,00"
2024-10-07 18:00:00.000000,Quillota220,"0,00"
2024-10-07 19:00:00.000000,PMontt220,"35,37"
2024-10-07 19:00:00.000000,Quillota220,"35,11"
2024-10-07 19:00:00.000000,AJahuel220,"34,44"
2024-10-07 19:00:00.000000,PAzucar220,"34,01"
2024-10-07 19:00:00.000000,Cardones220,"33,75"
2024-10-07 19:00:00.000000,Charrua220,"32,45"
2024-10-07 20:00:00.000000,Cardones220,"95,98"
2024-10-07 20:00:00.000000,PAzucar220,"93,93"
2024-10-07 20:00:00.000000,Quillota220,"87,09"
2024-10-07 20:00:00.000000,AJahuel220,"57,21"
2024-10-07 20:00:00.000000,PMontt220,"46,31"
2024-10-07 20:00:00.000000,Charrua220,"45,01"
2024-10-07 21:00:00.000000,Cardones220,"98,53"
2024-10-07 21:00:00.000000,PAzucar220,"96,20"
2024-10-07 21:00:00.000000,Quillota220,"87,09"
2024-10-07 21:00:00.000000,AJahuel220,"47,95"
2024-10-07 21:00:00.000000,PMontt220,"35,60"
2024-10-07 21:00:00.000000,Charrua220,"33,94"
2024-10-07 22:00:00.000000,Cardones220,"98,37"
2024-10-07 22:00:00.000000,PAzucar220,"95,93"
2024-10-07 22:00:00.000000,Quillota220,"87,09"
2024-10-07 22:00:00.000000,AJahuel220,"47,92"
2024-10-07 22:00:00.000000,PMontt220,"35,37"
2024-10-07 22:00:00.000000,Charrua220,"33,94"
2024-10-07 23:00:00.000000,Cardones220,"98,80"
2024-10-07 23:00:00.000000,PAzucar220,"95,93"
2024-10-07 23:00:00.000000,Quillota220,"86,15"
2024-10-07 23:00:00.000000,AJahuel220,"42,91"
2024-10-07 23:00:00.000000,PMontt220,"29,46"
2024-10-07 23:00:00.000000,Charrua220,"28,36"
2024-10-07 23:59:59.000000,Cardones220,"99,67"
2024-10-07 23:59:59.000000,PAzucar220,"96,28"
2024-10-07 23:59:59.000000,Quillota220,"85,77"
2024-10-07 23:59:59.000000,AJahuel220,"40,92"
2024-10-07 23:59:59.000000,PMontt220,"27,09"
2024-10-07 23:59:59.000000,Charrua220,"26,19"
